{"Zipcode":704,"ZipCodeType":"STANDARD","City":"PARC PARQUE","State":"PR"}
{"Zipcode":704,"ZipCodeType":"STANDARD","City":"PASEO COSTA DEL SUR","State":"PR"}
{"Zipcode":709,"ZipCodeType":"STANDARD","City":"BDA SAN LUIS","State":"PR"}
{"Zipcode":76166,"ZipCodeType":"UNIQUE","City":"CINGULAR WIRELESS","State":"TX"}
{"Zipcode":76177,"ZipCodeType":"STANDARD","City":"FORT WORTH","State":"TX"}
{"Zipcode":76177,"ZipCodeType":"STANDARD","City":"FT WORTH","State":"TX"}
{"Zipcode":704,"ZipCodeType":"STANDARD","City":"URB EUGENE RICE","State":"PR"}
{"Zipcode":85209,"ZipCodeType":"STANDARD","City":"MESA","State":"AZ"}
{"Zipcode":85210,"ZipCodeType":"STANDARD","City":"MESA","State":"AZ"}
{"Zipcode":32046,"ZipCodeType":"STANDARD","City":"HILLIARD","State":"FL"}
